bedrooms,bathrooms,sqft_living,sqft_lot,floors,waterfronts,view,condition,sqft_above,sqft_basement,yr_built,yr_renovated,price
4,1.7,1466,9032,2.0,0,4,4,1028,1168,1944,1990,430961.0
5,2.7,3932,1001,2.5,0,0,2,2718,1088,1922,2015,1059320.0
3,2.6,1188,7368,2.0,0,3,3,750,1270,1968,1960,331340.0
5,3.5,4743,12040,1.5,0,0,3,2288,734,1993,1968,1275674.0
5,3.5,4201,13236,1.0,1,1,5,3958,990,1905,1941,1171434.0
2,1.2,841,2949,3.0,0,3,4,3778,824,1955,2012,220830.0
3,2.5,2224,7732,3.0,0,0,2,3088,1462,2021,1963,613967.0
3,3.5,4922,8833,1.0,0,2,5,2526,105,2009,1933,1271659.0
3,3.0,2292,1917,1.0,1,2,5,2963,180,2007,2001,670900.0
5,4.4,2259,4174,1.5,1,1,4,3341,183,1903,1957,690190.0
4,3.6,3712,11433,2.0,0,3,2,1903,225,1992,1998,990678.0
3,1.7,1489,8014,3.0,0,3,4,1667,776,1922,1953,405271.0
6,1.3,2762,1089,1.5,0,3,2,2572,789,1905,1950,738272.0
5,3.6,2982,2709,2.0,0,1,4,3215,1112,1931,1994,803127.0
2,1.1,1451,11361,1.5,0,3,5,1596,687,2005,1973,377969.0
4,3.3,1222,13430,3.0,0,2,5,3179,529,1917,1997,373964.0
6,4.8,3889,4041,1.0,1,0,1,2347,1394,1914,2019,1128482.0
6,3.3,2579,1105,1.0,0,2,3,3664,971,1939,2017,714238.0
2,2.6,3217,10078,2.0,0,2,4,1004,935,2021,2000,861199.0
4,3.6,2832,9619,2.5,0,0,1,2121,1422,1995,0,795932.0
5,2.8,3876,14616,2.0,0,2,3,2883,105,1972,2012,1035981.0
1,3.2,2000,2895,2.5,0,1,4,2972,1294,2000,1972,520901.0
4,4.8,785,7090,1.5,0,0,2,3046,830,1973,2015,278694.0
2,2.5,3995,9508,1.5,0,2,3,1887,678,1983,2003,1037811.0
6,4.8,2565,7082,3.0,0,4,5,3494,848,1905,1967,720131.0
5,4.6,1268,1634,2.5,1,2,1,3177,1055,2011,1982,462863.0
4,1.8,3557,2925,3.0,0,1,3,1722,392,2019,2016,924872.0
1,1.3,4789,3056,1.0,0,3,3,1217,39,2022,2003,1199628.0
1,1.4,2661,7917,2.5,0,2,5,3984,659,1962,1957,684882.0
3,1.1,3793,4144,2.0,0,3,4,838,1241,1966,1982,991561.0
3,1.4,1446,11462,1.0,0,4,2,1158,980,2005,2018,385150.0
2,3.7,3835,10631,1.0,0,2,5,1461,1105,1910,1944,998786.0
4,1.3,4650,1552,2.0,0,0,2,928,844,1942,1948,1226755.0
4,2.3,1981,9907,1.0,0,3,4,1398,200,1916,1974,552749.0
6,4.4,2401,6383,2.5,0,4,3,638,446,1995,1995,709266.0
6,1.1,3951,4911,3.0,0,0,2,3489,1451,1903,1993,1031353.0
6,4.3,4564,10905,1.0,0,0,1,1041,1061,1962,1986,1239773.0
3,2.1,554,4389,2.5,0,0,1,2604,1234,1967,1981,183437.0
4,1.5,2323,10299,1.5,0,0,5,1755,443,1980,0,620382.0
4,3.8,3962,14629,2.5,0,2,4,3205,1350,1940,2009,1071107.0
1,3.5,3579,13398,3.0,0,2,5,2982,760,1982,1994,944087.0
3,4.5,1332,9442,2.5,0,2,5,883,226,1904,1957,382220.0
5,3.9,4908,3430,2.0,0,4,5,3107,47,1931,2012,1290818.0
3,4.2,3306,11246,3.0,0,4,1,693,1041,1985,1998,879849.0
5,2.1,2990,1458,1.5,0,4,1,3081,911,2019,1936,794118.0
1,1.7,827,14395,2.0,0,1,5,3065,1462,1969,1957,239214.0
2,4.0,3810,1207,2.5,0,4,1,3263,186,1934,1979,1025844.0
4,4.2,3800,1899,3.0,0,2,4,3298,344,1921,1961,1022255.0
1,5.0,4175,12653,1.5,0,2,5,2732,223,1964,1931,1106049.0
4,2.7,3554,12577,2.0,1,1,1,2395,829,1983,1988,978962.0
6,2.5,2643,1021,1.5,0,1,2,2839,487,1921,1963,729655.0
2,4.1,1811,9601,2.5,0,4,5,3906,876,2011,1997,514670.0
2,2.4,3691,1894,1.5,0,3,5,1231,848,2018,2019,959002.0
1,4.7,3038,1514,1.0,0,1,4,2663,1252,1910,2004,829336.0
2,4.4,4483,8294,2.0,0,0,3,3372,1413,1976,2012,1166503.0
5,2.7,664,5904,1.5,1,2,3,3620,978,2022,1948,277175.0
2,4.0,4777,8867,2.5,1,0,4,1184,1016,2005,2001,1286441.0
4,4.0,1322,14161,2.5,0,2,4,581,187,1902,1967,400398.0
4,1.4,1443,5109,1.5,0,2,4,3381,269,1908,1932,405732.0
4,4.6,4925,14258,2.5,0,1,3,2880,309,1959,1947,1303872.0
4,3.0,1274,8179,3.0,0,1,4,3104,1155,1975,2019,361501.0
5,4.3,2698,11326,3.0,0,0,1,2882,1095,1986,1973,760783.0
3,2.3,3656,12787,3.0,0,2,5,1031,844,1913,1971,962435.0
6,4.6,4742,12148,1.0,0,0,5,2483,1210,1996,1941,1286723.0
1,2.6,4195,2560,1.5,1,3,2,720,485,1917,1941,1149994.0
4,1.0,3952,14612,1.0,0,0,2,1134,1214,2012,1988,1040024.0
2,4.6,1414,2266,2.5,0,4,5,2269,1445,2022,1985,426234.0
4,1.4,1808,11361,1.0,0,0,1,2870,119,2004,2014,478515.0
2,2.3,4677,4638,2.5,0,4,3,2374,219,1972,2020,1189441.0
6,4.8,1013,9941,2.5,0,4,3,502,52,1922,1980,361514.0
6,4.8,2420,4427,2.0,0,4,1,2217,1474,1973,1981,687297.0
6,3.3,4094,5780,3.0,0,3,3,705,1435,1982,2014,1112356.0
2,3.5,1909,2927,2.5,0,0,4,2355,1260,1946,1971,516584.0
4,2.8,3690,12996,2.0,0,0,5,539,757,1968,2011,986662.0
6,2.2,4991,12894,3.0,0,3,5,2606,737,1946,2000,1303758.0
5,2.3,2055,3356,2.5,0,2,1,3498,719,2015,2000,564737.0
2,3.7,1304,5790,2.5,0,1,3,3121,405,1986,1970,389966.0
2,4.0,1779,11527,1.0,0,0,2,1143,607,1929,2018,484082.0
4,4.2,4077,1306,1.0,0,1,2,2030,1020,1924,1954,1074037.0
2,4.2,3401,8979,3.0,0,3,3,2407,421,1927,1951,927240.0
2,1.4,1887,4665,2.5,0,2,2,3390,711,1997,1971,491623.0
6,3.0,3261,11181,1.5,0,2,1,3693,246,2008,2005,890256.0
4,1.2,3179,8057,1.0,0,2,1,3166,71,2019,1956,838975.0
6,3.2,2606,1661,3.0,0,3,3,2643,184,2011,1937,747944.0
6,2.8,4723,5644,2.5,0,4,2,3985,5,2010,1948,1272090.0
4,4.6,3268,9503,2.5,1,4,1,3806,1229,1924,1984,964683.0
1,2.4,4453,3920,1.5,0,1,1,1397,905,1973,2011,1130283.0
6,1.5,3686,10274,3.0,0,4,4,1585,386,1977,1967,972288.0
5,1.6,3780,12163,2.5,0,4,4,1779,698,2005,1979,996689.0
5,4.0,3073,9946,1.0,0,2,1,3108,1099,2020,1940,849848.0
2,3.5,3099,13322,1.5,0,2,3,3452,1200,2009,2007,843230.0
5,1.4,4533,13732,3.0,0,1,5,2895,826,1957,1983,1196953.0
2,1.3,736,7236,1.5,0,0,5,1170,348,1993,2006,193066.0
1,3.8,1804,7078,1.0,0,1,1,3695,1278,2018,1939,484533.0
4,1.3,3930,14518,3.0,0,1,1,2005,307,1940,1954,1022603.0
4,4.3,1801,1352,1.5,0,3,1,2864,1368,1924,1970,509866.0
4,3.8,3041,10094,2.0,0,3,3,1218,1150,1977,1955,848748.0
5,1.3,2551,14643,1.0,0,1,4,1571,286,1998,1939,682522.0
1,1.3,941,13080,1.0,1,1,1,3980,765,2015,1966,310099.0
5,4.9,2576,8005,1.0,0,1,1,2455,724,1947,1971,725940.0
5,2.5,3680,1158,2.0,0,4,2,1659,761,1997,1947,981932.0
1,2.5,3157,11169,2.0,0,3,3,3772,382,1909,1992,832019.0
1,4.3,4298,1956,2.5,0,1,1,749,1429,1998,1934,1130148.0
1,4.8,1304,3071,1.5,0,2,2,2861,387,1974,1974,394966.0
1,4.9,574,9595,2.5,0,2,5,2392,524,1910,1970,208277.0
4,4.0,2675,13803,1.5,0,4,1,3939,638,1984,2020,753317.0
3,2.5,4424,11971,2.0,0,4,1,2353,937,1920,1993,1152174.0
3,1.3,2589,10579,2.0,0,0,2,3354,275,1985,2000,678048.0
1,4.1,540,4453,2.5,0,0,3,2003,499,1944,1987,181558.0
3,3.2,2581,7675,3.0,0,0,1,3885,716,1906,1980,681428.0
3,2.7,2122,1955,2.5,0,4,5,3926,336,2018,1975,581970.0
1,4.6,841,7295,1.5,0,4,1,3032,931,1980,1935,261368.0
3,1.4,4552,2712,2.5,0,4,5,1734,480,1963,1939,1178616.0
5,3.0,2574,5703,1.0,0,2,4,543,910,1963,1989,694298.0
2,1.0,1145,7563,1.5,0,4,4,3118,1296,1901,1996,299851.0
2,2.9,4763,10465,1.5,0,2,5,1082,1081,1975,1953,1241113.0
1,1.2,1109,6631,3.0,0,0,3,3663,1351,2020,1940,280045.0
4,1.5,954,13003,2.0,0,0,1,1788,108,1941,1954,297426.0
1,1.5,3453,11817,1.5,0,0,1,3442,1302,1981,1940,903606.0
4,3.6,2208,11574,2.0,0,1,4,719,327,1953,1971,607297.0
2,4.0,3972,10633,2.5,0,1,5,2425,314,2022,1979,1032084.0
1,3.3,3469,12171,1.0,0,3,1,3472,1497,1974,1965,918579.0
6,4.8,3528,10989,3.0,0,3,1,2948,1134,1915,1974,969110.0
5,2.5,3181,13582,2.0,0,3,3,3971,698,2012,1981,840981.0
3,2.1,4129,13201,1.5,0,1,2,3274,780,2014,2016,1058379.0
4,4.5,4725,14042,2.0,0,1,4,1490,1252,1917,2008,1266272.0
6,1.9,3567,2394,1.5,0,3,4,3446,155,1998,1941,940355.0
3,4.9,1886,13473,2.0,0,3,2,2312,1496,2016,2017,536470.0
3,1.0,4276,10461,1.5,0,4,1,1357,1295,1958,1982,1112265.0
1,4.9,3366,5732,2.5,0,3,3,1303,886,1989,1985,910830.0
3,1.2,3863,14579,1.5,0,4,3,989,1025,1915,1932,984683.0
5,4.6,4624,4714,1.5,0,2,4,2280,757,1905,2003,1237187.0
6,3.1,648,1529,1.0,0,1,3,1993,721,1956,1977,246791.0
3,5.0,4350,12815,1.5,0,3,2,3485,912,2007,1935,1166400.0
1,1.3,2558,3958,1.0,0,1,1,3391,1309,2006,1939,645574.0
5,3.2,1636,8904,3.0,0,1,2,2205,870,1946,2020,487426.0
2,4.9,686,12106,1.0,0,1,5,3840,12,2010,1982,256367.0
6,3.1,3354,14081,2.5,0,2,4,2814,607,1947,2015,898393.0
3,3.5,1750,4591,1.0,0,0,3,553,497,1941,1973,510658.0
1,3.8,1833,11339,3.0,1,3,5,3075,237,1975,1951,554023.0
2,2.8,4693,7895,2.5,0,0,3,1115,1117,1959,1956,1201489.0
2,3.5,4650,13765,2.0,0,0,1,1582,1361,1976,1985,1214363.0
4,3.3,3211,14910,2.0,0,0,1,2348,780,1903,1954,851182.0
5,4.6,2285,12561,1.0,0,1,1,3611,1194,2002,1953,672389.0
3,1.2,1250,10131,1.0,1,4,3,3808,605,2017,1982,380015.0
1,2.1,2262,1525,3.0,0,1,5,1454,660,1901,1957,606170.0
4,4.8,4420,7477,3.0,0,1,1,2933,848,1989,2011,1204094.0
5,4.6,4960,1001,1.5,0,0,5,2129,935,1958,1964,1320605.0
4,2.8,981,1374,3.0,0,1,3,3281,1490,1926,1942,290836.0
6,3.5,653,11532,1.5,1,0,5,3263,627,1926,2006,311935.0
5,2.1,2024,13197,2.5,1,4,3,1149,142,1978,1963,628186.0
5,1.8,2620,12244,1.0,0,3,3,2847,1224,1971,1958,719928.0
3,2.9,2843,5648,2.5,0,0,4,894,1203,1906,2020,776478.0
5,2.4,1740,3365,3.0,0,4,3,3778,713,1962,1945,496551.0
4,3.3,560,2525,2.5,0,3,3,1859,1387,2010,1995,206493.0
5,1.3,1438,13668,2.5,0,2,2,3140,478,2018,2008,413211.0
3,4.9,2139,2646,2.5,0,0,1,3061,564,1945,1958,607789.0
3,4.9,4620,1013,3.0,0,0,4,3749,470,1962,2021,1244561.0
6,3.8,4726,5599,2.5,0,2,4,2943,383,2003,1973,1257447.0
4,3.1,4069,3278,1.5,1,2,4,870,925,1911,2007,1142585.0
2,2.2,1752,4155,3.0,0,0,2,1357,416,1912,2017,471859.0
2,4.3,4703,9321,2.5,0,2,3,1290,307,1942,1979,1237872.0
5,3.7,671,4814,3.0,1,1,1,1157,648,1916,1975,276327.0
6,1.7,1958,14125,2.0,0,3,5,3889,1390,1962,1981,562850.0
1,4.6,4049,4216,1.5,0,3,3,3283,1024,1980,1992,1080048.0
5,4.3,4697,12130,2.5,1,3,2,1892,1067,2019,1966,1319148.0
6,4.8,2822,13120,2.0,1,1,3,883,738,1935,1992,847381.0
4,3.9,2136,11232,2.0,0,2,3,2609,1121,1984,2015,595785.0
4,3.5,3615,9219,3.0,0,4,2,3052,1288,1907,2017,957441.0
4,2.7,4590,3113,2.0,0,2,4,738,139,1968,1935,1203797.0
4,4.7,3504,10444,1.5,0,0,4,694,1260,1989,1950,941358.0
4,4.5,829,5356,1.5,0,3,1,3225,973,1979,2009,283831.0
6,1.2,4140,11238,1.0,0,2,1,3793,1016,1935,2010,1076462.0
6,1.1,4394,14760,1.5,0,4,4,2608,952,1927,1969,1153011.0
3,2.5,4607,6543,2.0,0,0,5,1652,903,2017,2002,1191320.0
2,4.2,1841,5555,1.5,0,1,3,3537,71,1992,1938,513724.0
4,4.9,4163,13215,3.0,0,1,5,3232,1213,1946,1985,1108787.0
1,1.6,715,13588,1.0,0,4,3,2515,1291,1975,1935,210879.0
6,3.4,838,8062,2.0,1,0,4,655,1344,2000,1978,334886.0
1,2.5,4562,4374,1.0,0,3,1,3949,106,1929,2019,1159721.0
1,4.9,3208,7430,2.0,0,2,1,1422,1255,1922,1980,862474.0
1,4.4,3652,4466,3.0,0,0,5,3415,1065,1915,1961,966045.0
3,4.4,2250,4081,1.0,0,1,1,3450,882,1913,0,636283.0
6,2.9,2921,12970,2.5,0,4,4,2109,138,1973,1981,792172.0
1,2.7,1209,1629,2.0,0,4,5,3546,614,1970,1988,339956.0
4,2.1,4226,1269,2.5,0,2,3,1474,862,2008,1962,1121979.0
5,1.2,4142,11831,1.0,0,4,1,1730,272,1951,1932,1072678.0
1,4.5,4493,11185,2.5,0,4,2,2935,415,1936,1945,1186272.0
3,4.3,988,6724,2.5,0,0,1,2314,505,1928,1932,309240.0
6,5.0,546,6897,1.0,0,3,3,3434,732,1966,1971,240720.0
3,5.0,3859,12083,3.0,0,2,5,1337,423,1914,2018,1055486.0
1,3.2,900,14149,2.5,0,0,3,2507,1430,1999,1932,247716.0
6,4.1,4490,4432,2.5,0,3,2,1863,389,1946,0,1208074.0
5,4.8,3657,10472,3.0,0,0,4,2887,341,1945,1999,999969.0
1,4.4,4845,7276,2.5,0,0,1,703,945,1951,2022,1251431.0
3,2.0,890,6895,2.5,0,4,5,660,613,1918,1978,266713.0
2,2.8,4353,14994,2.5,1,3,4,891,492,1976,2001,1168630.0
4,1.5,4930,8115,1.5,0,2,3,1268,191,2005,1989,1260115.0
3,4.8,1128,7656,3.0,0,2,5,3122,498,1920,1963,334463.0
6,3.4,4732,11552,2.5,0,3,4,3081,821,1963,1936,1276973.0
1,1.9,3430,1575,3.0,0,4,5,1593,1256,1936,1952,873658.0
4,3.7,2021,8029,2.0,0,1,2,3440,226,1926,2011,574901.0
1,3.5,1326,7099,2.0,0,0,2,904,1394,1954,1964,357658.0
6,2.4,2000,10499,2.5,0,4,1,1107,138,2015,1978,572008.0
1,1.5,3794,4192,3.0,0,3,1,2114,855,1928,1971,956438.0
2,3.7,2919,4178,3.0,0,0,2,2040,816,1919,1955,800935.0
4,3.1,1434,7052,3.0,0,2,5,3375,1172,1924,1960,423888.0
4,4.1,3542,3734,1.5,1,1,2,3691,1138,1969,2006,997381.0
6,3.1,4997,7116,2.0,0,2,1,2337,1473,1962,1946,1313853.0
2,4.4,1966,11404,3.0,0,3,2,1189,1086,1935,1956,566480.0
3,3.2,4061,11544,3.0,0,0,2,3449,103,1901,1957,1073754.0
1,3.2,1114,4568,1.5,0,3,5,1740,870,1921,1944,315266.0
5,4.5,1682,10847,1.5,0,0,4,2603,667,1995,1975,513886.0
1,2.6,3723,10771,3.0,0,4,1,865,272,1915,1987,956445.0
1,1.5,3167,3203,1.0,0,1,5,2222,1029,1917,1959,812546.0
3,1.1,630,2390,3.0,0,4,2,954,1170,1968,1932,187059.0
1,4.0,3483,2742,3.0,0,4,2,603,183,1953,1965,937664.0
2,3.5,4778,2925,1.5,0,3,4,576,1051,1999,1945,1258639.0
2,3.8,4959,1619,1.5,0,1,1,729,1142,1929,1967,1312083.0
4,1.9,538,2274,3.0,0,0,1,2437,292,1944,1976,174302.0
6,1.5,4459,1956,3.0,0,0,3,3829,1394,1918,1974,1166057.0
5,1.1,4087,2939,3.0,0,2,1,3835,1267,1986,2018,1085964.0
1,2.4,1420,4953,1.5,0,0,4,2878,1241,1933,1976,401159.0
1,3.4,3269,11573,3.0,0,3,3,1705,176,1912,1967,850766.0
3,2.6,4611,1968,3.0,0,4,3,1392,1322,1942,1932,1211836.0
6,2.7,992,10508,2.5,0,4,2,2073,57,1961,1958,333480.0
2,4.6,1631,10235,1.0,0,4,2,3235,1292,2017,1958,488487.0
5,2.4,4021,1281,2.0,1,1,1,2574,307,1992,1950,1108515.0
4,3.1,810,12036,1.0,0,0,3,3847,1311,1999,2003,250954.0
2,4.1,1238,7262,2.5,0,3,2,2175,976,1921,1994,382418.0
6,2.6,3741,2058,2.0,1,1,4,798,1128,1951,1940,1065431.0
4,3.5,1045,5293,3.0,0,2,2,1456,1251,1951,2022,323636.0
3,4.4,2961,11724,2.5,0,3,2,3346,1270,2010,1964,827432.0
3,4.8,4846,13020,3.0,0,3,3,1614,699,1935,1946,1300925.0
1,1.6,2304,6178,1.5,1,3,3,3027,82,1972,2018,654327.0
6,4.7,3712,7980,2.5,0,4,5,3120,1209,2002,1981,1024181.0
5,3.0,4310,14472,1.5,0,3,4,3005,251,2014,1999,1148952.0
4,2.0,1313,10200,2.5,0,0,3,1974,1378,1918,0,398498.0
2,2.8,4624,2229,2.5,0,3,1,864,795,1937,1986,1213751.0
6,4.9,2532,10227,1.5,0,4,4,3406,896,1969,2018,731991.0
6,3.0,4913,5585,2.0,0,3,4,2198,209,2015,2015,1296166.0
3,2.3,744,9467,1.0,0,2,3,850,815,2010,2018,223143.0
1,3.5,771,3740,3.0,0,2,4,3971,608,1978,1934,241605.0
1,2.0,4011,3289,2.5,0,4,3,2800,446,1956,1998,1026331.0
4,1.3,2271,2239,3.0,0,0,2,3328,459,1919,1972,594657.0
3,1.5,1762,6370,1.5,0,0,5,2404,967,1908,2000,488924.0
6,1.5,2924,1125,3.0,0,1,2,3350,471,1931,1952,797308.0
5,1.6,4861,13257,1.5,0,4,3,1511,369,1903,2014,1288192.0
3,1.6,1420,13504,3.0,0,3,3,3006,899,1949,1947,401957.0
4,3.6,3930,8473,1.0,0,4,2,3464,922,1981,1946,1055964.0
4,1.7,4935,13060,1.0,0,1,1,998,136,1904,1958,1286399.0
3,2.4,4984,10400,1.0,0,4,1,1449,366,1919,1970,1301125.0
4,4.6,3124,6342,1.0,0,4,1,2494,911,1986,1961,873758.0
3,2.9,4260,8351,1.0,0,1,3,2546,183,1974,2002,1103596.0
2,3.7,2550,7638,1.0,0,0,4,1007,1310,1936,1940,686874.0
3,1.7,4000,7570,1.5,0,3,3,1827,471,1921,2022,1024775.0
3,1.8,1665,4249,2.5,0,1,4,3048,1398,1957,1955,465638.0
4,1.2,875,10110,3.0,0,2,2,3350,653,1967,1967,263779.0
4,1.7,2533,8595,1.0,1,0,5,3145,748,1992,1937,730695.0
1,2.1,645,14605,1.5,0,2,4,665,536,1943,1949,184895.0
1,1.7,4888,13115,1.5,0,0,1,3986,801,1933,2004,1258105.0
2,1.4,931,7294,1.5,0,3,3,3009,1273,1976,1957,256418.0
1,1.5,1204,7527,2.5,0,3,2,1419,919,1941,1961,319960.0
3,2.8,3132,6757,3.0,0,4,1,613,509,1908,1990,826357.0
4,1.8,4994,13595,2.5,0,2,2,1491,629,2005,1943,1315703.0
1,2.5,1463,14647,2.0,0,0,5,3927,1001,1994,1930,394554.0
1,3.0,2734,2969,1.5,0,3,3,2451,1096,1906,1980,716126.0
2,3.8,2541,11985,2.0,0,1,3,2754,1305,1967,1972,697382.0
6,1.2,2328,1891,1.0,0,3,5,1758,915,1918,1982,629951.0
2,4.2,2608,5470,1.0,0,1,3,3926,1383,2005,1946,696449.0
3,3.5,4568,8175,2.5,0,0,4,1014,1033,1993,1931,1200065.0
4,1.3,1438,11225,3.0,0,3,2,1731,1234,1930,1935,420467.0
2,4.5,1306,10556,2.0,0,3,1,1208,151,1934,1971,407036.0
1,4.7,1963,9320,3.0,0,0,5,3696,1028,1956,2010,534880.0
4,1.2,3915,10206,2.5,0,3,4,2685,1218,1984,1966,1026574.0
4,2.1,510,10991,1.0,0,1,1,838,1306,1960,1965,197493.0
1,4.2,2368,7812,3.0,1,3,1,3084,463,1930,1986,703875.0
2,4.0,1384,8519,3.0,0,2,5,567,1136,1982,1961,388054.0
1,1.7,4064,14669,1.0,0,4,4,2096,270,1994,1987,1055273.0
6,1.8,1889,5612,2.0,0,1,1,2064,1186,1952,1939,529082.0
4,2.5,3901,10710,1.0,1,2,1,882,459,1931,1996,1091920.0
5,2.9,4821,13373,3.0,0,0,4,518,104,1965,2010,1277102.0
5,3.5,1324,2198,2.0,0,1,3,3230,1305,1958,1996,409620.0
3,2.5,2765,13065,2.0,0,4,1,2621,161,2015,2021,748557.0
1,2.9,1436,6238,1.0,0,4,2,1072,350,1909,2016,377551.0
1,4.0,3300,11666,3.0,0,0,4,3486,433,1901,1950,880812.0
3,1.1,3053,7089,2.5,1,0,1,1799,851,1965,1994,842049.0
3,2.0,4345,12677,3.0,0,1,5,3619,139,1959,1972,1136562.0
3,3.9,2296,7257,1.5,0,3,2,2758,1494,1987,1934,656620.0
4,4.6,553,13241,2.5,0,0,1,3402,1155,1916,1970,197699.0
6,3.0,1226,8705,2.0,0,3,2,2443,86,1995,1953,388926.0
1,3.1,3236,4719,2.5,0,2,2,1150,182,1915,1985,863427.0
4,1.4,3670,1302,2.0,0,4,3,2145,367,1915,2013,975051.0
3,2.8,2413,13144,2.0,0,3,2,1493,128,1945,1983,659527.0
1,3.1,2096,13875,2.5,1,4,3,3242,1269,1938,1944,628489.0
4,2.0,2414,1986,2.0,0,3,4,3087,669,2016,1942,645137.0
6,2.1,2966,11055,2.0,0,2,3,3762,1401,1930,1967,826193.0
4,2.5,3237,5440,1.5,0,0,5,1838,148,2006,1956,856074.0
6,1.1,1349,5909,3.0,1,2,1,1400,984,1987,2020,453200.0
3,2.3,2609,4072,3.0,0,0,4,2184,851,1900,1979,702738.0
6,1.8,502,14598,1.5,0,0,4,3327,1456,1910,1977,210508.0
1,2.3,4755,14965,2.5,0,4,5,2085,627,2018,1937,1199965.0
3,1.5,4569,4124,1.0,0,2,3,2423,1492,1984,1986,1172773.0
1,4.6,1392,10519,1.0,0,3,1,2281,445,1903,1973,392364.0
5,3.4,2530,14380,1.0,0,2,3,1636,883,1970,1950,689653.0
2,3.7,3660,11600,1.5,1,4,2,2717,293,1925,1960,1021834.0
6,4.2,2876,12865,1.5,0,0,3,2444,1166,2010,1997,823474.0
2,3.0,2433,9125,2.0,0,4,4,1537,249,1949,2015,668585.0
2,1.3,1880,4291,1.0,0,1,1,2238,877,1911,1997,489400.0
6,3.1,4181,5033,2.5,0,1,3,787,947,1994,1970,1114595.0
3,3.3,1790,6105,2.5,0,3,1,2736,974,1980,1981,518396.0
5,4.0,2140,1703,1.0,0,4,1,3461,1325,1996,1987,614894.0
1,2.7,3182,9133,1.0,0,3,2,3726,1048,1974,2002,839399.0
4,1.5,1487,1574,1.0,0,3,2,2090,788,1991,1967,426979.0
1,2.1,1718,6704,1.5,0,1,4,3241,983,1995,1943,444083.0
4,2.5,1855,12424,1.5,0,3,5,2245,888,1964,1999,505647.0
1,3.6,4765,8848,1.5,0,1,1,3435,889,1946,1957,1221251.0
6,3.3,4635,6208,3.0,0,0,5,3018,69,1991,1931,1224317.0
5,2.4,2060,13975,2.5,0,4,4,1598,624,1952,2011,568271.0
4,4.9,1918,7924,2.5,0,3,1,2824,874,2005,1938,552203.0
3,3.4,1454,11824,2.0,0,1,1,1439,1135,1970,2020,414829.0
1,1.9,1483,4828,1.5,0,2,5,3914,1387,1901,1957,413259.0
1,1.4,1474,4230,3.0,0,3,3,1948,1326,2005,2007,376756.0
4,1.6,4633,1488,3.0,0,0,2,1070,470,1923,1963,1186478.0
3,2.0,4472,8114,2.5,0,0,3,3404,90,1903,1934,1166746.0
3,1.6,1413,10539,1.5,0,2,5,1500,529,2007,1940,389928.0
6,1.7,536,12873,2.0,0,1,2,1705,660,1918,1966,216052.0
6,2.1,3887,4173,1.5,0,3,3,3005,738,1925,2005,1043935.0
6,1.7,2211,13781,1.0,0,1,2,1417,725,1974,2021,631436.0
6,4.6,3520,2667,1.5,0,0,1,2374,871,1939,1947,965445.0
6,1.3,1295,10829,1.0,0,1,3,1332,191,1949,1995,398016.0
6,3.1,4536,5114,1.0,0,0,2,3635,1265,1942,1936,1195809.0
5,2.6,3611,4553,2.0,0,1,2,3386,137,1974,1936,986479.0
3,4.9,1824,8761,2.5,0,2,2,3831,344,2008,2012,545547.0
6,1.4,817,2000,1.5,0,4,3,2740,1203,1966,1975,281136.0
3,2.6,2896,10042,1.0,0,2,4,2178,1008,1911,1932,760391.0
3,4.9,2662,2388,1.5,0,2,3,1115,502,1966,1979,718645.0
2,4.5,3245,6450,2.5,1,4,5,905,202,2005,2013,916179.0
5,4.3,2091,4712,2.5,0,4,3,2249,572,1926,1995,610076.0
6,2.0,3611,2367,3.0,0,3,2,3490,191,2012,1973,980741.0
1,1.7,4430,9189,2.5,0,3,1,3268,4,1953,1936,1149833.0
4,3.7,2496,10013,2.0,0,2,3,592,1260,1965,2015,689576.0
1,4.7,1812,1454,1.0,0,2,3,2977,310,1948,1944,527405.0
5,3.2,1785,10816,3.0,0,0,2,1153,548,1915,2005,526714.0
4,3.3,4811,3772,2.0,0,0,1,3975,55,1901,1995,1255993.0
5,2.1,2883,4726,1.5,0,3,1,933,442,1959,1937,793351.0
3,4.1,3739,8232,1.0,0,3,5,1635,1260,1953,1988,982160.0
4,1.7,2639,12339,2.5,1,0,3,874,869,1929,2006,740570.0
3,2.3,2204,13281,1.0,0,0,1,3630,1220,1983,2005,613289.0
1,2.7,862,5806,1.5,0,1,1,1566,584,1937,1999,269150.0
1,3.0,3104,3190,3.0,0,1,4,706,751,1927,1943,828635.0
4,2.0,2216,10108,3.0,0,0,4,1279,1472,1924,1999,593465.0
4,1.5,4951,13178,3.0,0,1,1,1819,359,1995,1969,1297189.0
6,3.4,4786,3875,2.5,0,4,5,1641,818,1909,1950,1285814.0
5,2.2,4238,6592,2.0,0,3,1,1031,29,1959,1952,1121083.0
6,3.3,2969,2440,2.0,0,3,2,3793,107,1941,1972,830405.0
5,1.6,1056,13592,1.0,0,0,3,2713,843,1939,0,338871.0
6,2.9,1325,9927,2.5,0,2,5,3190,716,1996,1938,400447.0
3,3.1,3308,12760,3.0,0,0,2,3727,890,1976,2008,891511.0
4,1.2,3219,7059,3.0,0,1,5,3755,959,2019,2000,844174.0
1,2.3,4008,12530,1.5,0,2,2,589,1468,2004,1984,1013240.0
5,1.5,4241,8010,1.5,0,1,3,1617,892,2017,2017,1099881.0
5,1.3,2074,12207,3.0,1,4,3,512,1461,1941,1978,611099.0
1,5.0,4498,8117,3.0,0,1,4,3520,731,1946,1940,1187158.0
6,2.3,2629,12081,2.5,0,4,2,2357,605,1936,2017,746095.0
5,4.2,2903,10153,2.0,0,4,4,1304,456,2017,2009,820324.0
3,2.0,3829,3989,1.5,0,1,2,1444,614,1979,1988,1017786.0
4,3.7,1088,13040,2.0,0,1,4,3289,697,2008,1954,328995.0
1,4.0,2512,10218,2.5,0,4,3,2357,673,1921,2006,681186.0
4,3.4,2047,7228,3.0,0,2,5,2110,1270,1956,1969,586995.0
5,2.9,794,13057,2.0,0,4,4,3423,542,1983,1964,270313.0
5,2.6,2485,7471,3.0,0,3,2,2459,856,2013,1951,680526.0
1,2.4,3617,3863,3.0,0,4,2,3721,896,2006,1971,936239.0
3,4.7,2190,14761,1.0,0,2,3,3207,1462,1926,1934,611246.0
2,4.3,1636,11693,2.0,0,3,2,3579,277,1940,1997,466557.0
1,4.9,2564,11139,2.0,0,0,1,1552,551,1979,1971,706060.0
2,1.5,4955,2177,3.0,0,0,5,795,110,1933,1953,1256318.0
6,3.9,1507,5760,2.5,0,2,4,3533,384,1931,1946,479119.0
2,4.8,3014,1011,1.0,0,4,5,1425,760,1989,1990,816541.0
3,1.7,4026,6252,3.0,0,1,3,1139,1214,1988,1941,1033580.0
6,1.3,1747,5399,1.5,1,2,4,2887,693,1965,1971,541604.0
2,4.0,4402,12556,1.5,0,3,4,1127,1449,1911,2006,1138659.0
6,3.3,1935,12214,1.0,0,3,1,2986,404,1939,1956,571775.0
2,4.4,1071,12563,2.5,0,0,3,1667,1358,1972,1946,312118.0
3,1.6,2882,12022,3.0,0,3,2,1441,1232,1975,1987,774585.0
2,4.2,1745,9234,2.0,0,2,1,1329,21,1989,1988,501344.0
2,1.8,2584,10135,1.0,0,3,1,2270,677,1972,1991,661230.0
2,1.7,777,11582,2.5,1,2,5,3066,610,1909,1985,274767.0
1,1.7,2387,6445,2.0,0,1,5,1475,1231,1995,2020,625741.0
1,4.3,1765,11737,1.5,0,0,5,3616,7,2020,1979,473551.0
1,3.7,1540,11603,1.5,0,3,1,1454,701,1997,1984,438610.0
3,3.1,1417,14178,2.0,0,2,2,1762,528,1947,1955,405177.0
6,2.4,1385,7570,1.0,0,4,4,1451,601,1919,1960,432928.0
5,4.5,3252,10196,1.5,0,0,5,1443,656,1938,1937,902466.0
2,2.6,521,9212,3.0,0,1,2,2702,165,1959,2012,167154.0
2,4.3,3691,1406,2.0,0,2,3,1704,848,1965,2020,987831.0
3,2.8,2853,10206,2.0,0,1,5,3786,495,1964,1996,769604.0
2,2.5,1186,5431,1.5,0,1,4,2635,589,1950,1974,345261.0
1,2.9,784,11030,1.0,0,3,3,3827,428,1935,1995,231300.0
5,2.2,4247,12380,3.0,0,3,3,2034,773,1923,1954,1133241.0
4,4.0,1262,6243,1.0,0,2,4,1596,162,2017,1936,403025.0
2,3.0,2928,7542,2.5,0,4,5,3478,365,1926,1934,784532.0
1,1.9,3007,7936,2.5,0,2,1,678,1262,1901,2008,765214.0
4,4.6,528,9906,1.5,0,4,4,2759,71,1930,1952,206562.0
5,2.5,1406,5146,1.5,0,1,4,2328,1468,1956,1976,405183.0
4,3.2,3604,13046,1.5,0,0,4,1757,654,1977,2022,977634.0
1,4.6,4499,13611,2.5,0,2,3,964,268,1965,1973,1158810.0
6,3.5,3494,14076,1.0,0,2,2,2274,414,1928,1941,945769.0
6,1.5,3006,1140,1.0,0,4,1,3794,1268,1914,1997,817565.0
4,4.8,4109,13757,1.5,0,1,5,3178,1015,1911,1953,1090145.0
3,3.5,4053,5882,3.0,0,1,5,3372,674,2000,1948,1067573.0
4,2.3,1953,14645,1.0,0,4,2,3835,1083,1927,2010,535602.0
2,1.6,3856,7012,2.5,0,1,4,1730,5,1983,2010,1014591.0
2,4.2,1015,1963,2.0,0,3,1,3154,981,2002,1994,322640.0
6,3.5,538,8151,2.0,0,0,5,1384,569,1923,2002,229516.0
3,3.1,3842,9564,2.0,0,2,5,2913,406,1920,1973,1007462.0
1,4.6,1386,12827,3.0,0,0,4,2823,1240,1909,1975,413802.0
2,4.2,3344,11733,1.5,1,2,2,2927,25,2009,1991,943846.0
6,1.6,2704,4610,2.5,0,3,1,1832,1028,1977,2004,724011.0
5,2.2,1598,10884,3.0,0,1,2,2154,985,2000,2005,461282.0
6,2.0,2323,7894,2.5,0,4,2,3839,389,1917,1983,630905.0
2,4.0,3701,14467,2.5,0,3,1,1444,709,1987,2003,1000975.0
2,1.1,3655,14959,1.5,0,0,1,3635,570,1913,1947,929946.0
6,3.3,3593,8311,2.0,0,4,5,3357,1471,1933,1963,980959.0
1,4.0,4030,1105,1.5,0,1,5,3921,753,1957,1981,1048827.0
4,4.5,4278,6539,3.0,0,3,1,1424,145,1975,1954,1161974.0
2,2.4,3396,10873,3.0,0,4,3,2438,1411,1921,1942,901769.0
6,4.3,3953,13289,3.0,0,3,5,993,784,2019,1973,1083950.0
6,1.4,4011,13208,1.5,0,3,3,2046,1272,1969,1972,1059570.0
3,4.4,1488,11828,2.5,0,1,1,3669,525,1935,2016,430891.0
4,1.5,4616,7787,2.5,0,2,5,2469,1485,1944,1993,1215629.0
5,2.6,4526,3137,1.0,0,4,2,1594,12,1935,1979,1182769.0
1,4.2,4679,12608,3.0,0,1,1,2911,902,1921,1971,1208070.0
5,1.6,2182,5445,2.5,1,3,4,3117,383,1977,2014,642240.0
4,1.9,4463,4530,1.0,0,1,3,2325,555,1979,1951,1182647.0
4,3.9,1433,2286,2.5,1,2,1,1262,886,1960,1984,490180.0
4,3.9,4098,12371,3.0,0,4,1,2823,1422,1999,1947,1092785.0
5,3.6,3733,14350,2.0,0,2,5,549,18,1955,2010,1003630.0
4,3.8,2480,8052,3.0,0,0,5,3929,574,1988,2004,681360.0
6,3.2,2355,4654,1.5,0,4,5,3275,750,1995,1983,654148.0
5,2.0,3556,8102,2.5,1,2,4,1405,1003,1932,2020,984529.0
4,2.4,1292,3359,2.5,0,3,5,3475,418,1944,2020,388062.0
6,1.7,1291,9105,1.5,0,4,1,1063,1360,1935,1988,404436.0
3,4.6,2309,9636,1.5,0,4,5,1282,418,1919,1987,644701.0
4,3.3,2755,7441,2.0,0,1,2,3032,121,1917,1961,740687.0
5,2.6,4110,6047,2.5,0,3,5,3655,431,1937,1947,1113386.0
2,2.8,2107,9227,2.5,0,0,4,2540,43,1966,1956,561610.0
4,4.8,1484,6203,2.0,0,2,2,2331,1340,1922,1980,456142.0
2,1.6,4176,10667,1.0,0,1,1,1083,380,1995,1977,1081279.0
6,3.3,3880,13149,2.0,0,2,1,1819,144,2008,1965,1069106.0
3,3.0,1019,2798,3.0,0,0,3,735,1350,2022,1954,324658.0
1,3.4,1090,11037,2.5,0,0,2,2603,362,1915,1968,308701.0
3,1.1,1550,10600,1.5,1,4,3,2442,1073,1958,2008,490211.0
4,4.5,4133,6291,3.0,0,0,2,859,1088,1968,1966,1099247.0
2,4.7,4944,6495,2.5,0,2,2,2430,354,1967,2005,1299175.0
2,3.3,1459,10900,2.0,0,3,4,609,799,1920,2015,396975.0
5,3.8,1192,14673,3.0,0,3,3,691,1187,2003,1982,391228.0
2,4.7,4399,12130,2.5,0,4,4,1403,1164,2014,1950,1165860.0
5,3.8,4973,7284,1.0,1,2,2,1616,825,1977,1944,1362004.0
6,1.6,3446,8285,1.0,0,2,1,1361,1151,2002,1956,932155.0
1,3.3,1026,2300,1.5,1,0,2,3115,397,1994,1963,330614.0
4,3.4,3724,7869,2.5,0,2,4,1583,879,1977,1988,1003502.0
5,2.7,2753,10435,1.0,0,1,3,1149,462,1969,1973,755278.0
1,3.9,3844,13168,2.0,0,0,3,538,807,1911,1974,1005587.0
2,4.7,4465,4097,2.5,0,1,4,3620,186,1915,2000,1194583.0
2,4.7,2375,5616,2.0,0,4,3,3991,731,1980,1983,639924.0
1,2.8,2263,1009,2.0,0,3,5,1136,1213,2008,2014,617148.0
2,1.5,1020,14271,1.0,0,4,1,1536,1411,1986,2013,301929.0
6,4.9,1516,11617,2.5,0,3,1,535,428,1913,1954,460321.0
6,4.4,616,6752,3.0,0,4,1,2648,857,1960,2013,256435.0
1,1.5,2933,10852,1.0,0,2,3,3657,1307,1970,1953,743349.0
5,4.7,1083,11823,1.0,0,1,3,3794,236,1945,1993,361510.0
5,4.5,894,7295,2.5,0,3,2,1861,1217,1931,1934,299860.0
1,3.1,4288,5815,2.5,0,0,2,2483,1310,1914,1951,1101313.0
5,3.4,3268,2072,2.0,0,1,1,665,770,1943,1992,891462.0
5,2.6,4667,4225,2.5,0,0,5,2930,757,1916,2015,1218551.0
6,1.2,4360,14146,2.0,0,1,2,2379,135,1940,1971,1144130.0
5,2.3,773,2316,1.0,1,1,2,3947,791,1953,1951,300521.0
3,4.2,2513,6699,1.5,0,4,3,3337,170,2010,1958,690325.0
4,1.0,4933,13337,3.0,0,3,5,530,158,1943,2005,1292169.0
2,2.3,1889,7807,1.0,0,3,1,3946,200,1997,1946,510234.0
3,2.6,4066,7674,2.5,0,1,2,510,961,1904,2015,1069059.0
5,3.1,665,4683,3.0,0,2,5,2511,582,2008,2007,230111.0
6,4.7,2067,8227,1.5,0,2,5,3873,875,1926,1949,625184.0
1,2.4,1228,4273,1.5,0,0,1,2643,370,2015,1985,335667.0
5,2.4,2543,8000,2.0,0,0,5,3761,102,1986,1951,685590.0
6,4.0,4697,1145,3.0,0,4,5,3000,1001,2003,2019,1245815.0
4,2.8,3996,6010,2.0,0,1,5,2739,1148,2022,1973,1059977.0
5,1.9,1278,4040,1.0,0,0,2,985,1336,1977,1972,379618.0
1,2.8,713,10654,3.0,0,0,1,1789,975,1978,2010,216891.0
6,1.6,4262,13868,1.0,0,1,5,1947,797,1942,2016,1116866.0
6,1.7,2076,10776,2.0,1,4,5,3699,1481,1996,1975,640636.0
6,3.0,2948,1482,3.0,0,0,2,2785,1253,2016,1968,810630.0
4,2.7,3436,4179,2.0,0,4,1,2443,657,1930,1979,918056.0
5,4.7,3617,2249,3.0,0,3,3,3926,881,1998,1970,978632.0
4,2.4,1091,13960,2.0,0,4,2,2463,1220,1916,1935,324899.0
2,3.3,3220,1630,1.5,0,2,1,3683,732,1991,1978,834992.0
2,3.5,1213,9853,2.0,0,2,5,2351,422,1982,1976,341108.0
5,1.1,1435,12695,1.5,0,4,1,1969,571,2009,2012,391871.0
4,3.7,4837,3852,2.0,0,2,1,1866,170,1953,2019,1285410.0
